model,accuracy,precision,recall,f1,roc_auc
GradientBoosting,0.943502824858757,0.9470198675496688,0.9862068965517241,0.9662162162162162,0.974353448275862
DecisionTree,0.9265536723163842,0.9342105263157895,0.9793103448275862,0.9562289562289562,0.9165948275862069
LogisticRegression,0.9209039548022598,0.9281045751633987,0.9793103448275862,0.9530201342281879,0.9596982758620689
RandomForest,0.8983050847457628,0.9319727891156463,0.9448275862068966,0.9383561643835616,0.9648706896551724
