{
  "0": {
    "precision": 0.9038461538461539,
    "recall": 0.5662650602409639,
    "f1-score": 0.6962962962962963,
    "support": 83.0
  },
  "1": {
    "precision": 0.5764705882352941,
    "recall": 0.9074074074074074,
    "f1-score": 0.7050359712230215,
    "support": 54.0
  },
  "accuracy": 0.7007299270072993,
  "macro avg": {
    "precision": 0.740158371040724,
    "recall": 0.7368362338241856,
    "f1-score": 0.7006661337596589,
    "support": 137.0
  },
  "weighted avg": {
    "precision": 0.7748076097367639,
    "recall": 0.7007299270072993,
    "f1-score": 0.6997411316688741,
    "support": 137.0
  }
}