fold,test_accuracy,test_precision,test_recall,test_f1,test_roc_auc
1,0.7439024390243902,0.6078431372549019,0.96875,0.7469879518072289,0.904375
2,0.6951219512195121,0.5636363636363636,0.96875,0.7126436781609196,0.851875
3,0.7682926829268293,0.6326530612244898,0.96875,0.7654320987654321,0.899375
4,0.7530864197530864,0.62,0.96875,0.7560975609756098,0.8373724489795918
5,0.7777777777777778,0.6590909090909091,0.90625,0.7631578947368421,0.8514030612244898
