{
  "model_path": "/Users/ineza/Documents/Anna/ALU/Capstone/multi-stage-reproductive-health-risk-prediction/ml/postpartum_v1_model.pkl",
  "metadata_path": "/Users/ineza/Documents/Anna/ALU/Capstone/multi-stage-reproductive-health-risk-prediction/ml/postpartum_v1_metadata.pkl",
  "threshold": 0.33000000000000007,
  "decision_threshold": 0.33000000000000007,
  "emergency_threshold": 0.7595238095238095,
  "emergency_precision": 0.7941176470588235,
  "emergency_recall": 0.5,
  "emergency_f1": 0.6136363636363636,
  "roc_auc_test": 0.856091030789826,
  "pr_auc_test": 0.8015348745484661,
  "cross_validation_summary": {
    "test_accuracy": {
      "mean": 0.7476362541403191,
      "std": 0.03215819176036042
    },
    "test_precision": {
      "mean": 0.616644694241333,
      "std": 0.035201411776266414
    },
    "test_recall": {
      "mean": 0.95625,
      "std": 0.02795084971874737
    },
    "test_f1": {
      "mean": 0.7488638368892064,
      "std": 0.021485884893646116
    },
    "test_roc_auc": {
      "mean": 0.8688801020408163,
      "std": 0.030729380221599392
    }
  }
}