{
  "0": {
    "precision": 0.9405405405405406,
    "recall": 1.0,
    "f1-score": 0.9693593314763231,
    "support": 174.0
  },
  "1": {
    "precision": 1.0,
    "recall": 0.907563025210084,
    "f1-score": 0.9515418502202643,
    "support": 119.0
  },
  "accuracy": 0.962457337883959,
  "macro avg": {
    "precision": 0.9702702702702704,
    "recall": 0.953781512605042,
    "f1-score": 0.9604505908482937,
    "support": 293.0
  },
  "weighted avg": {
    "precision": 0.9646896042800481,
    "recall": 0.962457337883959,
    "f1-score": 0.9621228800446815,
    "support": 293.0
  }
}