fold,test_accuracy,test_precision,test_recall,test_f1,test_roc_auc
1,0.9318181818181818,1.0,0.8309859154929577,0.9076923076923077,0.9967806841046277
2,0.9428571428571428,1.0,0.8571428571428571,0.9230769230769231,0.9965986394557823
3,0.9371428571428572,1.0,0.8450704225352113,0.916030534351145,0.9972914409534128
4,0.9828571428571429,1.0,0.9577464788732394,0.9784172661870504,1.0
5,0.9714285714285714,1.0,0.9295774647887324,0.9635036496350365,0.999593716143012
