{
  "0": {
    "precision": 0.9523809523809523,
    "recall": 0.625,
    "f1-score": 0.7547169811320755,
    "support": 32.0
  },
  "1": {
    "precision": 0.9230769230769231,
    "recall": 0.993103448275862,
    "f1-score": 0.9568106312292359,
    "support": 145.0
  },
  "accuracy": 0.9265536723163842,
  "macro avg": {
    "precision": 0.9377289377289377,
    "recall": 0.809051724137931,
    "f1-score": 0.8557638061806557,
    "support": 177.0
  },
  "weighted avg": {
    "precision": 0.9283748266799114,
    "recall": 0.9265536723163842,
    "f1-score": 0.9202739261269244,
    "support": 177.0
  }
}