fit_time,score_time,test_accuracy,test_precision,test_recall,test_f1,test_roc_auc
0.4113149642944336,0.04441690444946289,0.8962264150943396,0.9042553191489362,0.9770114942528736,0.9392265193370166,0.9101633393829401
0.296663761138916,0.0426790714263916,0.8773584905660378,0.8936170212765957,0.9655172413793104,0.9281767955801105,0.8923169993950394
0.29536890983581543,0.04179883003234863,0.9150943396226415,0.9431818181818182,0.9540229885057471,0.9485714285714286,0.9488808227465215
0.308002233505249,0.04271411895751953,0.8952380952380953,0.9222222222222223,0.9540229885057471,0.9378531073446328,0.9540229885057471
0.29625797271728516,0.0429539680480957,0.9333333333333333,0.9340659340659341,0.9883720930232558,0.96045197740113,0.9051407588739291
